Census tract;DM1;DM2;DM3;DM4;EC1;EC2;EC3;ED1;ED2;HS1;HS2;HS3;HS4;HS5;EN1
411520005010001;2.22;1.45;41.24;0.73;7.25;3.99;14.49;0;0.36;0;1.45;100;100;37.32;0.211988605530216
411520005010002;2.37;0.99;34.45;0.63;3.96;7.59;14.19;0;0.33;0;15.23;100;60.6;39.07;0.157179532922748
411520005010003;2.54;0.97;37.61;0.61;5.44;10.1;9.9;0;0.78;0;14.17;100;84.08;31.46;0.13583057751613
411520005010004;2.65;0.71;41.02;0.8;3.19;15.6;12.41;3.7;0.71;0;6.38;100;10.99;27.66;0.194263263605535
411520005010005;2.74;0.39;32.26;0.71;3.53;9.41;7.06;0;0.39;0;5.1;99.61;23.53;27.06;0.200032769888639
411520005010006;2.92;0;32.3;0.83;1.14;19.09;7.41;0;0.85;0;51.85;100;42.74;22.79;0.191643264854238
411520005010007;2.62;0;32.59;1.75;2.2;10.62;8.79;0;0.37;0;10.99;100;100;47.62;0.159865068949082
411520005010008;2.25;4.55;28.44;0.88;9.7;5.15;16.04;0;0.59;1.39;10.16;100;75.3;56.18;0.131733150186263
411520005010009;2.64;2.24;32.32;0.85;5.77;4.17;19.23;0;1.92;5.13;2.24;99.68;91.35;46.15;0.205945030665926
411520005010010;2.83;0.46;37.47;0.4;5.02;16.44;5.02;3.85;0;0;34.25;99.54;58.9;24.2;0.205588411772624
411520005010011;2.84;0;37.63;0.64;1.56;26.04;4.17;0;0;0;39.06;100;100;20.31;0.192033461605509
411520005010012;2.91;0.67;32.86;1;3.58;15.66;3.8;0;0.89;0;30.43;99.55;32.44;19.02;0.181147971855743
411520005010013;2.75;0.81;40.17;0.89;4.07;10.98;10.57;0;0.41;0;19.92;100;37.8;30.89;0.189152762640137
411520005020001;3.21;0;40.13;0.93;1.87;10.45;16.79;0;1.87;0;22.47;98.13;100;30.71;0.274608714637732
411520005020002;3.07;0;44.56;0.67;0.38;14.45;16.35;0;0;0;28.9;99.62;100;28.9;0.303068505721457
411520005020003;3.01;0.53;46.41;0.61;4.74;7.89;19.47;3.85;1.58;0;30.53;100;100;35.26;0.269067953295178
411520005020004;3.12;6.83;44.61;0.9;15.26;6.83;22.49;0;1.2;0.4;29.72;99.6;100;32.93;0.273520385305136
411520005020006;2.54;2.31;24.78;0.56;9.25;1.03;23.91;0;0.77;0;1.54;99.23;69.41;37.79;0.256931249797344
411520005020007;2.72;0.33;33.33;0.98;5.65;1.99;19.27;3.39;0.66;0;1.33;99;66.78;32.23;0.28680376742297
411520005020008;3.19;0;35.9;0.62;11.3;3.95;22.6;0;2.26;0;17.51;95.48;100;41.81;0.301674327756985
411520005030001;2.79;0;35.95;0.62;4.87;1.3;22.08;3.57;1.95;0.97;3.57;97.08;91.23;41.23;0.25705877398806
411520005030002;2.94;0.63;41.11;1.07;2.19;0.31;39.81;1.59;3.13;0;4.08;99.69;99.69;42.32;0.279246724233395
411520005030003;2.96;0;40.93;0.94;5.63;0.94;47.89;4;3.76;0.94;4.23;99.53;100;59.15;0.263003147790365
411520005030004;2.9;1.05;35.68;0.72;3.85;1.05;45.45;0;2.1;0.35;1.05;94.41;100;51.05;0.31218618336557
411520005030005;2.66;0.38;38.66;1;7.17;2.64;26.42;0;2.26;0.38;4.17;98.86;92.42;49.24;0.272271261873998
411520005030006;2.8;1.16;31.48;0.98;4.34;3.76;21.1;0;0.58;0;8.38;96.53;90.46;50.87;0.216029623858966
411520005030007;2.98;0;43.74;1.14;3.6;1.2;34.8;2.33;3.6;0;3.2;99.6;100;58;0.213018664180709
411520005030008;2.84;0.45;41.33;0.94;6.7;0.89;55.36;0;5.36;0;1.79;97.32;99.55;59.82;0.288232286428583
411520005030009;2.82;0.75;34.23;1.07;4.14;1.5;42.86;0;2.26;2.26;1.5;93.61;100;51.5;0.279559626454307
411520005040001;2.82;0.39;44.27;0.96;1.93;3.47;23.94;0;0.39;0.78;6.98;99.61;99.61;43.02;0.217257798525474
411520005040002;2.85;0.59;40.99;0.72;2.94;12.35;10;0;0;0;31.18;98.82;69.41;29.41;0.248860882472492
411520005040004;3.02;0;33.84;1.14;6.32;2.3;31.03;0;2.3;0.57;12.64;97.7;100;25.86;0.340887979480876
411520005040005;3.09;0.5;36.11;1.13;3.48;3.98;33.83;0;5.97;0;9.95;92.54;100;42.29;0.358948862189569
411520005040006;2.93;1.52;43.1;0.69;4.55;4.55;21.72;0;0.51;0;16.16;96.97;96.97;30.81;0.344449490966166
411520005040007;2.75;1.59;37.3;1.1;15.87;1.59;18.73;0;0.32;0;6.35;99.05;95.87;33.97;0.284424257513724
411520005040008;2.83;0;37.47;0.29;1.63;9.24;22.83;10.53;4.35;0;15.22;99.46;100;38.04;0.284813793036189
411520005040009;2.89;4.55;40.22;0.98;19.32;2.84;23.3;0;1.7;0;21.59;99.43;100;36.36;0.295410311315209
411520005050001;3.06;0;40.85;0.46;3.96;5.94;25.74;0;1.98;0;33.83;98.01;100;32.34;0.355235335428313
411520005050002;3.06;0.75;41.86;0.93;8.68;5.28;16.6;0;1.13;0;26.79;99.25;99.62;34.34;0.314948308308992
411520005050003;2.99;0;43.39;0.47;3.72;5.57;22.91;0;0.93;0;18.58;98.45;99.07;30.65;0.313196123673998
411520005050004;3.31;0;40.8;1.04;2.17;7.58;22.02;2.5;2.89;0;31.52;97.46;99.64;27.9;0.282040263460184
411520005050005;2.95;1.05;37.84;0.45;7.37;2.63;28.95;0;1.58;0;10;96.84;99.47;36.84;0.23338198033618
411520005050006;3.19;0.27;36.52;0.72;4.38;4.66;26.03;0;1.1;0;26.03;89.86;99.73;33.7;0.295060340325423
411520005050007;3.04;0.36;43.85;0.7;6.57;2.92;22.99;0;2.55;0;11.36;99.63;99.27;32.23;0.257333468993185
411520005060001;2.96;1.33;36.2;0.84;11;0.33;60;3.39;6.33;0;2;99.33;100;51.33;0.263108808413085
411520005060002;2.77;0.88;44.77;1.13;7.92;1.47;52.79;0;4.99;0.59;4.41;91.47;99.41;54.71;0.293260160099828
411520005060003;2.85;1.53;35.17;0.75;12.27;0.61;49.69;0;3.37;0;3.07;72.09;100;51.53;0.292520295718744
411520005060004;3;2.13;35.99;0.89;22.34;0.53;43.62;0;2.66;0;4.3;42.47;93.55;49.46;0.233891318313496
411520005070001;2.81;2.03;26.25;0.66;3.72;7.43;14.19;2.86;0.68;0;3.38;97.97;99.66;36.82;0.213774490822786
411520005070002;2.76;1.76;25.4;0.96;10.58;5.04;16.12;0;0.25;0;3.53;98.74;68.01;41.56;0.245465807616711
411520005070003;2.75;0.9;31.75;1.43;4.29;3.84;16.93;0;0.45;0;1.35;97.29;88.04;41.08;0.25162526352538
411520005070004;2.61;0.37;28.83;0.85;2.95;1.48;13.65;0;0.37;0;3.69;99.63;100;43.17;0.201214896308051
411520005070005;2.66;3.28;26.08;0.96;10.58;4.74;12.77;4;0.73;0;4.38;100;59.49;50.36;0.190053660422564
411520005070006;2.86;0.4;36.93;1.11;4.35;2.77;9.88;0;0.4;0;4.74;100;35.18;36.76;0.217529791257074
411520005070007;2.63;2.22;26.51;1.13;11.85;1.85;16.67;0;0.74;0;3.7;100;75.56;42.96;0.168431572656157
411520005070008;2.22;9.15;14.37;0.75;34.94;0.67;24.96;0;0.83;1.5;1;98.17;99.5;74.38;0.22418246858768
411520005070009;2;13.92;9.25;0.19;20.25;1.77;35.44;0;0.51;0;0.51;98.73;86.84;77.72;0.230377706870133
411520005070010;2.69;7.69;22.47;0.83;10.68;2.14;33.55;0;1.07;0;4.7;100;87.18;58.76;0.220484321312297
411520005070011;2.74;1.09;30.49;0.66;4.73;2.55;24;0;0;0;4.4;100;99.27;47.62;0.255860254671928
411520005070012;2.78;0.41;31.98;0.73;4.49;3.27;14.29;0;0;0;1.22;100;58.37;37.55;0.233307206934249
411520005070013;2.8;0;27.88;0.43;2.11;4.52;20.78;0;0.6;0.3;1.81;99.1;61.75;40.06;0.232686523208045
411520005070014;2.87;0;33.09;0.72;5.05;7.89;15.77;0;0.63;0;14.2;99.37;75.08;29.02;0.212341002359682
411520005070015;2.73;0.65;33.09;0.74;4.25;3.59;28.1;2.86;1.96;0.33;6.25;99.67;74.67;44.74;0.256679188596071
411520005070016;2.83;1.41;31.06;1.03;7.66;2.62;22.78;0;3.43;0;1.81;93.35;86.69;40.93;0.250412322690382
411520005070017;2.15;5.89;20.78;0.62;21.61;0.36;33.04;0;1.61;6.61;1.07;93.39;98.57;77.14;0.271117637193564
411520005070018;2.13;12.47;15.54;0.25;22.81;0.27;32.63;0;1.33;0.27;1.59;99.2;96.02;75.33;0.28745052199085
411520005070019;2.41;8.23;14.98;0.2;13.92;0;33.23;0;0;0;0.32;99.37;87.03;62.97;0.239789279685779
411520005070020;2.23;9.6;12.21;0.56;13.57;1.67;33.4;0;0.21;0;1.46;98.75;82.88;67.01;0.229262662160656
411520005070021;3.05;4.8;39.92;0.62;15.72;0.44;44.1;0;3.06;0;4.41;100;100;49.34;0.264789559249955
411520005070022;2.85;1.39;37.12;1.22;7.29;1.39;43.06;0;3.13;0;4.86;100;100;50.69;0.26472070609683
411520005070023;3.05;1.21;34.13;0.64;3.64;2.73;20;0;0.3;0;12.73;100;88.79;36.67;0.236784060218682
411520005070024;2.99;0;35.96;0.99;5.12;0.79;43.7;0;2.36;0;2.76;98.43;98.82;53.15;0.237869941768013
411520005070025;2.25;18.96;12.45;0.74;40.52;0;26.39;0;0.74;0;0.37;97.4;98.51;74.72;0.425677505778995
411520005070026;2.86;11.97;15.18;0.31;1.76;0.35;49.65;13.33;0.7;0;0.7;100;25.35;69.37;0.364907122471116
411520005070027;2.51;7.69;15;0.65;4.76;1.47;45.05;0;0.73;0;3.66;99.63;91.94;65.2;0.266627848148346
411520005070028;3.06;1.2;34.97;0.85;6;0.4;50.8;1.82;3.2;0.8;1.2;99.2;100;50.4;0.231645770072672
411520005070029;2.82;3.4;18.29;0.48;8.84;0;37.41;0;0;0;0;100;92.52;63.27;0.410043772764322
411520005070030;2.94;8.48;20.65;0.31;15.15;0;39.39;4.76;3.03;0;0.61;97.58;20.61;55.76;0.359500195445686
411520005070031;2.33;11.39;10.8;0.64;2.53;0.25;41.77;0;1.01;0;1.27;95.43;89.34;68.78;0.228935652425591
411520005070032;2.7;5.84;28.2;1.11;4.98;1.89;32.13;0;1.2;0.17;3.95;91.07;95.53;51.37;0.387413338442779
411520005080001;2.87;0;42.7;1.61;0.54;3.26;37.5;0;2.72;0;9.24;96.74;100;51.63;0.248582646637768
411520005080002;2.98;0.52;51.44;0.78;6.77;0.52;43.75;0;6.77;0;2.08;98.44;100;50.52;0.303759852440461
411520005080003;3.06;0.37;40.44;0.67;0.37;1.12;40.15;0;1.86;0;10.04;94.05;100;39.78;0.265763899832163
411520005080004;2.97;1.29;30.78;0.83;3.88;5.6;18.1;0;0.86;0;15.52;99.14;100;37.5;0.297919875422505
411520005080005;3.31;0.44;51.71;0.77;1.76;7.93;30.84;3.7;9.25;0;32.59;83.93;97.32;28.13;0.384857779069291
411520005080006;2.99;5.45;44.63;1.89;21.01;0;56.03;2;9.34;0;0.39;97.67;99.61;60.31;0.2842765459922
411520005080007;3.1;2.88;43.35;1.06;11.93;0.41;58.44;1.59;4.53;0;1.65;100;99.18;64.61;0.253175319224182
411520005080008;2.59;11.96;29.7;0.92;15.31;5.98;20.81;1.09;0.24;0;24.16;50.48;73.44;43.78;0.315907316241604
411520005080010;2.82;7.32;38.27;1.64;22.3;1.05;52.96;1.92;4.88;0;1.74;98.95;100;59.58;0.316535981992881
411520005090001;2.62;2.22;30.32;1.24;2.22;0;25.56;0;2.22;0;0;98.89;100;75.56;0.152313167036956
411520005090002;1.83;0;83.33;0;0;0;33.33;0;0;16.67;16.67;83.33;100;66.67;0.15850760799852
411520005090003;2.56;1.6;26.51;0.93;3.72;1.06;26.06;6.67;2.66;0;1.06;99.47;98.94;54.26;0.150504138558212
411520005090004;2.56;1.23;30.72;1.2;6.13;0;22.09;0;0;0;0;99.39;4.29;40.49;0.173554270293564
411520005100001;2.61;0;32.75;1.33;8.62;0;21.55;0;0;0;0;95.65;35.65;27.83;0.22316817915146
411520005110001;2.55;3.57;28.01;0.85;4.08;0.26;41.33;0;1.79;0;2.81;98.98;100;67.01;0.26767672804621
411520005110002;2.85;0.32;37.61;1;5.38;0;45.25;0;6.01;0;1.9;95.89;99.68;53.48;0.270851119199679
411520005110003;3.05;0;40.19;0.46;4.53;1.65;34.57;2.78;4.12;0;3.29;99.18;100;55.14;0.289655689278553
411520005110004;2.53;0.9;29.07;0.58;2.39;2.09;39.7;0;4.48;0;3.63;99.4;92.45;58.61;0.252847796293343
411520005120001;2.95;2.29;36.75;1.03;5.34;0.76;54.2;0;10.69;0;2.29;100;98.47;52.67;0.272290386336366
411520005130001;3.19;0;33.87;0.8;7.69;0;37.18;0;0;0;7.69;83.33;100;46.15;0.291354768530086
411520005140002;3.17;1.23;32.65;0.48;4.91;3.68;19.63;2.56;0.61;0.61;10.43;98.16;99.39;41.72;0.437377466384424
411520005140003;3.14;0.65;36.56;0.89;4.25;0;36.93;0;3.27;0;8.5;97.71;98.04;48.04;0.355238606387669
411520005150001;2.77;1.24;35.83;0.97;13.22;1.24;32.64;0;2.48;0.41;0.41;100;98.76;43.39;0.201676145891807
411520005150002;2.63;0.49;32.27;1.48;0.97;0;33.01;2.63;2.43;0;0.97;99.03;33.98;49.03;0.266339237039739
411520005170001;3.44;0;38.61;0.48;1.64;6.56;16.39;0;0;0;36.89;100;100;21.31;0.239209564941481
411520005170002;3.09;0;32.79;1.23;4.83;4.14;7.93;0;0.34;0;12.07;96.55;100;25.52;0.290754060517868
411520005170003;3.44;0;31.93;0.5;4.62;8.67;10.98;0;0;0;45.09;100;99.42;19.65;0.196632202509995
411520005170004;2.99;0.66;40.5;1.95;7.64;0.33;45.85;0;7.64;0.67;3.34;96.66;100;41.47;0.333993346424577
411520005170005;2.55;0.56;34.67;1.27;5.06;0.28;34.27;3.23;1.69;0;1.12;97.19;98.31;34.55;0.347523192894268
411520005170006;2.52;1.21;28.4;1.6;1.61;1.61;16.13;0;0.81;0;8.47;98.39;72.18;35.48;0.358882337324106
411520005170007;2.89;0;36.79;1.11;6.01;3.65;16.31;1.25;0.21;0;3.43;100;56.87;25.97;0.255829249746608
411520005180001;2.93;0;34.46;0.89;10.12;0;52.76;1.85;3.37;0;0.92;98.16;85.58;44.48;0.288101247061562
411520005180002;2.9;0.54;36.99;0.84;3.78;0;55.14;0;3.24;0;2.16;58.92;98.92;35.68;0.324785626759372
411520005190001;3.28;0.97;37.53;1.33;5.31;0;48.79;3.64;5.8;0;0;0.97;100;28.99;0.375654071305705
411520005190002;3.12;1.66;35.37;1.02;9.39;0;45.86;0;3.87;0;0;3.31;99.45;31.49;0.3055571053798
411520005190003;3.22;2.04;42.36;1.38;16.79;0;63.1;4.35;10.69;0;0;41.73;98.47;41.48;0.348899863235691
411520005190004;3.14;0.43;39.88;1.31;11.69;0;58.44;1.56;6.93;0;0.43;1.3;100;42.86;0.356757149538573
411520005190005;3.41;1.41;38.75;1.24;9.27;0;46.77;0.59;3.02;0.2;0.2;1.41;98.99;27.42;0.332464539760741
411520005190006;3.75;0;25;0;0;0;75;0;25;0;0;0;37.5;62.5;0.385300747699814
411520005190007;3.32;6.68;41.92;1.56;21.94;0;53.9;1.99;5.35;0.11;0.33;4.01;98.77;29.21;0.283842692081958
411520005190008;3.08;1.22;35.76;1.44;13.46;0;63;0;8.56;0.61;0.61;3.68;97.85;48.16;0.381178537136792
411520005200001;3.13;0.37;40.7;1.18;10.7;0;66.42;1.41;5.54;0;0;52.77;99.26;42.07;0.293343810985486
411520005200002;3.18;2.31;42.18;1.66;7.92;0;59.08;0;4.29;0;0;52.81;99.34;30.03;0.293061699083558
411520005200003;3.34;1.48;41.69;1.38;8.12;0;64.58;0;6.64;0.37;0.37;94.07;99.63;43.7;0.306930166227047
411520005200004;3.26;0;43.66;1.67;2.83;0;64.15;3.33;10.38;0;0;91.94;99.05;46.92;0.35920599012912
411520005200006;3.12;0.51;38.15;1.9;3.55;3.55;20.59;0.46;0.81;0.1;9.03;53.14;95.74;31.85;0.280432607187252
411520005200007;3.26;0.36;38.08;1.3;6.87;7.59;24.41;3.52;2.17;0;24.95;37.79;94.58;25.86;0.379756638291162
411520005210001;2.91;0;41.85;1.35;2.48;0;68.6;0;6.2;0.41;0;87.19;100;47.52;0.359800330466694
411520005210002;3.09;0.76;46.52;1.15;5.57;0;58.48;0;8.35;0.25;1.52;91.14;100;39.75;0.329096288157969
411520005210003;2.97;2.5;43.15;0.71;12.5;0.83;53.33;0;2.5;0;0;90.6;100;48.72;0.262035234520833
411520005210004;3.08;0.31;30.85;1.22;2.19;1.56;24.69;1.56;1.25;0;2.19;96.25;85.63;38.44;0.26153197471117
411520005210005;3.09;0;31.34;1.05;1.14;1.14;29.28;0;2.28;0;4.18;99.62;100;43.73;0.315910068633673
411520005210006;3.02;0.57;31.72;1.04;4.84;1.42;27.64;0;1.42;0;2.85;99.15;91.17;37.04;0.310917610988805
411520005210007;3.24;0;29.84;1.28;5.22;2.17;16.96;0;0;0;9.61;100;94.32;42.79;0.228999510877304
411520005210008;3.09;0.4;32.6;0.71;4.35;0.79;32.02;0;2.37;0;6.35;97.22;100;38.49;0.282250202645858
411520005210009;3.31;0;33.74;0.6;3;1.5;33;0;2;0;6.5;92.5;99.5;42.5;0.31750922363538
411520005210010;3.04;0.49;40.9;1.04;11.17;0;70.87;0;10.68;0;0.49;99.51;100;44.66;0.325440432503819
411520005210011;3.46;0;46.97;0;7.14;0;17.86;0;3.57;0;14.29;96.43;100;35.71;0.185908641782589
411520005210012;4.21;7.14;37.21;1.69;14.29;0;57.14;0;0;0;7.14;92.86;100;57.14;0.443630554057934
411520005210014;3.29;1.79;51.18;1.83;19.69;0;57.54;0.77;5.37;0.26;1.02;93.35;99.74;47.31;0.429120062888585
411520005210015;3.08;5.17;44.89;1.55;15.91;0.21;42.77;0.81;5.99;1.04;3.53;54.15;88.8;48.34;0.247180094411139
411520005220001;3.18;1.14;36.22;1.62;5.7;0.76;50.95;1.56;4.18;0;2.3;1.92;96.93;19.92;0.38503182522681
411520005230001;3;2.34;37.47;0.86;12.15;0.47;58.41;5.08;1.87;0;1.87;100;100;63.08;0.303246049225823
411520005230002;3.06;0;41.24;1.17;1.34;0;62.05;0;3.13;0;0.89;94.64;100;54.02;0.283050699546786
411520005230003;2.78;0;43.12;1.1;15.35;0;62.72;0;6.58;0;0.44;96.93;99.56;49.56;0.287718480009408
411520005230004;2.73;0;42.94;1.16;5.82;0.53;62.43;0;6.88;0;0.53;100;98.41;57.67;0.299698732524033
411520005230005;2.9;0.31;40.06;1.19;8.46;0.31;46.08;1.69;3.13;0.63;1.89;96.54;99.69;58.49;0.290253402117421
411520005230006;3.03;0;39.29;0.8;2.43;0;40.29;0;3.4;0;1.94;100;99.51;61.65;0.316003499002684
411520005230007;2.84;0.79;41.81;1.06;8.4;0;54.07;1.43;3.67;0;1.05;99.48;100;58.27;0.317377559118596
411520005230008;2.97;0;39.2;1.38;2.14;0;55;0;1.43;0;1.43;96.79;100;56.79;0.318222849474599
411520005230009;2.95;2.52;41.96;1.18;10.92;0;52.94;0;2.24;2.81;0.84;99.16;100;53.37;0.288060916215181
411520005230010;3.04;0;40.91;1.19;3.61;0;50.48;0;3.85;0;1.2;95.43;100;54.57;0.31959315221552
411520005230011;3.13;0;47.47;1.34;4.79;0.3;58.08;0;4.19;0;0;98.5;100;49.1;0.309006346888106
411520005230012;2.88;0.32;39.47;0.62;5.48;0.32;51.61;0;6.77;0;0.65;97.42;100;37.74;0.312275636745917
411520005230013;2.83;0.35;47.54;0.68;2.45;0;41.96;0;2.8;0.35;2.8;98.25;100;50;0.275046447946873
411520005230014;3;0.71;47.22;1;2.12;0.35;50.88;0;3.89;0;0.35;98.94;100;51.94;0.294364073320671
411520005240001;3.11;1.65;39.14;1.02;9.92;0;57.58;2.74;6.34;0;0.28;94.17;99.72;51.94;0.356461158913115
411520005240002;3.05;0.48;39.6;1.03;1.45;0;56.52;0;0.48;0;0.97;100;100;53.88;0.34345632713909
411520005240003;2.99;0.93;39.16;1.3;3.73;0.31;53.73;0;4.97;0;0;97.52;99.69;53.42;0.324215087753076
411520005240004;2.93;0.48;44;1.23;1.91;0.48;61.24;0;10.53;0;1.91;96.65;100;45.45;0.325391939282417
411520005240005;2.97;0;41.5;0.79;2.92;0;50.29;4;7.02;0;1.75;92.98;100;45.03;0.28355313711349
411520005240006;3.06;0.43;39.45;0.92;15.15;0;66.23;0;8.23;0;0.87;98.7;100;39.83;0.265139466724717
411520005240007;2.88;0;35.01;0.84;9.14;0;61.29;0;1.61;0;0;91.4;100;55.91;0.307578492303227
411520005240008;2.95;0.45;41.79;0.69;5;0;64.55;0;10.45;0.45;0.91;96.82;100;47.27;0.312658385785877
411520005240009;3.07;0.3;42.86;0.88;8.36;0.3;63.28;1.22;7.46;0;0.3;97.9;100;49.7;0.30878626180522
411520005240010;2.98;0.53;36.55;0.85;5.87;0;42.67;1.64;4.8;0.53;2.67;97.07;100;48;0.297623032291011
411520005240011;3;0;39.36;0.61;4.86;0.81;46.96;0;2.83;1.21;4.05;97.57;100;48.99;0.277678230385247
411520005240012;2.91;0.28;37.45;1.15;3.33;0.28;50;0;3.89;0.28;2.78;98.61;100;50.56;0.256348104930894
411520005240013;2.99;1.31;40.45;0.66;5.68;0.44;44.54;9.8;4.37;0;1.32;97.81;100;47.81;0.251987435756937
411520005240014;2.83;0.79;42.46;1.32;8.66;0;61.02;0;3.54;0;0;89.76;100;59.84;0.285773597679339
411520005240015;3.1;0.97;41.19;1.09;3.86;0;49.76;0;4.35;0;1.45;97.58;99.03;47.83;0.261313445720967
411520005240016;3.2;0;43.9;1.12;19.05;0;59.05;4.48;6.19;0;1.43;92.38;100;35.24;0.315712533391162
411520005240017;2.95;1.49;43.32;1.6;18.07;0;62.62;1.12;10.4;0.25;0.99;94.55;99.75;43.32;0.329409484953984
411520005240018;3.2;0;40.68;0.95;5.63;0;58.87;0;5.63;0;0.43;96.54;100;41.56;0.299868985737136
411520005240019;3.18;0.57;42.49;1.62;6.02;0;61.89;0;5.16;3.45;0.29;94.54;99.71;45.98;0.39247013163795
411520005240020;2.99;0.58;46.46;1.64;21.39;0;62.43;0;7.51;0;0.58;89.6;100;53.18;0.458612584656683
411520005240021;2.92;1.93;33.81;1.19;10.42;0;55.98;0;6.56;0;0;94.21;99.61;56.76;0.334844415582071
411520005240022;3.08;0.85;43.04;0.92;10.17;0.56;57.91;2.35;7.06;0;0.85;93.79;99.72;53.39;0.351825584995223
411520005240023;2.99;3.79;38.22;1.04;19.24;0;48.58;0;1.58;0;1.89;99.05;100;53.94;0.272354889640492
411520005240024;3.04;0;39.93;0.62;14.59;0.27;34.86;0;4.05;0.54;3.78;99.46;100;46.49;0.258862614557885
411520005240025;2.97;1.47;42.11;0.99;16.18;0.29;44.71;0;5;0;4.41;100;100;47.35;0.24963360105242
411520005240026;3.14;2.58;33.85;0.58;23.2;0;41.24;3.13;3.09;0;1.55;100;100;44.56;0.260036859191766
411520005240027;3.04;0;40.57;0.76;8.25;0;55.67;0;1.55;0;4.15;94.3;100;54.92;0.265619978174433
411520005250001;3.08;0;37.2;1.11;5.48;0;42.47;0;2.74;0;0;97.26;98.63;38.36;0.284203081749953
411520005250002;3.02;1.75;41.76;1.55;2.34;0.58;49.12;0;1.75;0;1.17;99.42;100;29.24;0.260198626087772
411520005250003;3.1;5.33;39.68;1;21.78;0;52.44;0;1.33;0;0.89;100;100;37.78;0.258699343384554
411520005250004;3.65;0;34.08;1.19;8.67;0;68.88;0;13.78;0;0;98.98;99.49;23.47;0.332908621407705
411520005250005;4.05;1.08;49.54;1.9;12.54;0;77.78;0.82;21.15;0;0;97.49;99.28;16.49;0.315009033337968
411520005250006;3.34;0.59;36.89;1.42;13.91;0;43.79;0;0.59;1.18;1.48;73.08;99.7;33.14;0.303182204604149
411520005250007;3.29;2.79;41.79;1.08;14.55;0.62;50.46;0.97;2.48;0;0.93;6.83;100;33.54;0.234786205021947
411520005250008;2.67;0;45.45;0;0;0;100;0;0;0;0;16.67;66.67;50;0.35465402788337
411520005250009;3.49;5.23;44.46;1.61;11.66;0;64.08;1.1;6.57;0;0.13;89.66;100;27.38;0.324439327904983
411520005260001;3.15;0;38.74;0.76;3.35;2.39;31.1;0;2.39;0.48;5.74;96.17;100;43.06;0.23870389316733
411520005270001;3.08;0.42;33.64;0.83;2.97;0.42;29.24;0;0.42;8.05;2.97;99.15;100;36.86;0.363913380781586
411520005270002;3.12;2.8;33.62;1.64;13.99;0;40.56;0;3.5;0;4.2;92.31;100;32.87;0.300570431011064
411520005270003;2.85;1.06;38.05;1.59;2.12;2.65;35.98;0;4.23;0;5.91;92.47;100;42.47;0.217074546019939
411520005270004;2.65;0;37.38;1.21;3.21;1.38;14.68;2.63;0;0;1.38;98.17;100;40.37;0.212523533497006
411520005270005;2.48;0.35;32.28;0.91;3.13;1.39;20.49;0;2.08;0;1.04;100;89.93;41.67;0.259074643490806
411520005270006;2.73;0.26;33.08;1.38;2.59;2.07;22.54;1.69;0.78;0;1.3;100;99.48;44.82;0.266146069206297
411520005270007;2.54;2.88;23.25;0.74;2.88;0.58;27.09;0;0;0;1.73;97.41;99.14;52.74;0.23749514309208
411520005270008;2.7;0;33.04;0.82;1.18;1.47;14.12;0;0.88;0;0.29;98.82;57.94;38.24;0.252995432127972
411520005270009;2.42;7.89;25.54;1;21.41;0.28;19.72;0;0.56;0.28;1.99;99.15;100;49.15;0.381648063785099
411520005270010;2.46;2.38;23.51;1.13;6.75;0.79;23.41;0;0.4;0;0;88.1;63.49;44.84;0.363984526477638
411520005270011;2.66;0.54;29.58;1.38;2.17;1.09;18.21;0;1.09;0.54;2.45;98.37;99.73;44.69;0.285404873958656
411520005270012;2.63;0;34.46;0.57;6.02;1.2;18.07;3.13;0;0;3.61;91.57;43.37;45.18;0.254594742521351
411520005270013;3.56;3.7;37.14;1.04;11.11;7.41;14.81;0;0;0;59.26;77.78;100;11.11;0.30695696775133
411520005280001;2.69;8.36;29.64;1.04;9.7;0.67;53.85;2.22;6.02;0.67;0.67;91.97;99.33;73.91;0.286242568858171
411520005280002;3;2.61;35.29;1.65;11.73;4.07;18.73;0;0.49;0;12.05;96.42;97.23;39.58;0.301763085091934
411520005280003;2.81;0.99;34.15;1.45;2.77;1.58;29.31;1.02;1.58;0;1.98;60.12;64.09;44.64;0.274155760520922
411520005290001;3.13;0.72;38.91;1.08;4.35;0.24;53.86;3.03;7.73;0;0.72;87.68;99.76;53.14;0.351644527502161
411520005290002;3.01;2.06;43.32;1.23;2.36;0;50.74;0;5.31;0;1.47;99.41;100;56.93;0.327739561818264
411520005290003;2.89;0.3;33.61;0.94;3.03;0.3;41.52;0;2.42;1.52;2.42;100;100;50.91;0.332562238682766
411520005290004;2.95;0.61;35.39;0.78;5.81;0.31;44.95;0;4.59;1.22;2.45;98.17;100;48.62;0.311544176729428
411520005290005;3.04;0;32.77;1.46;9.44;2.22;21.11;0;0;0;3.33;99.44;100;39.44;0.335000829884049
411520005290006;3.13;0.18;31.55;1.83;4.18;2.73;21.64;0;0.36;0;11.27;98.91;98.73;32.18;0.28775917022951
411520005290007;3.36;1.17;36.3;0.83;11.45;4.44;16.12;0;1.17;0;16.59;99.07;99.53;37.85;0.275772988052758
411520005290008;3.45;0.5;41.1;1.09;3.5;4;15;1.56;2;0;8;97.5;100;33.5;0.200170975421963
411520005290009;3.02;0.65;36.16;1.11;7.92;1.45;20.52;0.98;1.62;0.16;11.53;99.84;99.84;34.1;0.213570818344194
411520005290010;2.82;0;29.22;0.78;6.59;0;23.08;0;0.55;0;0;98.9;6.04;34.62;0.196485811471939
411520005290011;2.52;1.49;27.5;1.27;4.46;0;25.74;0;0.5;0;0;96.53;47.03;33.66;0.18267185613513
411520005290012;2.53;0.36;26.09;1.01;1.09;0;28.73;2.38;0.36;0.36;1.09;98.91;35.27;49.45;0.376599451982313
411520005290013;2.63;0.62;28.94;1.29;6.17;0.31;27.78;0;1.85;0;1.23;91.36;99.69;46.91;0.370608647350585
411520005300001;3.05;3.49;33.67;0.95;20.35;0;53.49;3.57;5.81;0;0;98.84;100;34.3;0.382041769214423
411520005300002;2.95;2.63;41.32;1.34;23.03;0;53.95;0;7.89;0;0;94.74;100;39.47;0.380091014628609
411520005300003;2.82;0.6;40;1.17;4.2;0.3;57.96;1.72;2.1;0.3;0.9;96.7;100;31.53;0.331556925563504
411520005300004;3.14;1.23;34.47;0.98;3.38;0.31;54.77;0;4.31;0;0.92;97.23;100;37.54;0.305806661500792
411520005300005;3.08;0.25;37.95;1.21;3.24;0.25;42.64;0;2.99;0;1.25;94.76;99.75;48.88;0.238995178885359
411520005300006;3.22;0;40.42;0.87;5.6;0.8;55.2;0;4.8;0;0;78.4;100;43.2;0.494014448408158
411520005300007;3.13;0;33.65;1.17;7.84;0.25;35.29;0;1.72;0.74;1.47;99.02;99.75;42.16;0.260422592397247
411520005300008;3.32;0.37;41.52;1.4;5.2;0.37;56.88;1.41;7.06;0;1.12;96.28;100;31.97;0.325057845932758
411520005300009;3.02;0.75;32.32;0.78;6.47;0;44.78;1.2;3.48;0;1.99;96.77;99.75;41.54;0.272282379777192
411520005300010;3.16;2.75;36.24;1.19;18.56;0;50.86;2.86;5.84;0;1.03;99.66;99.66;39.18;0.300076330575762
411520005300011;3.17;0.86;33.39;1.19;10.56;0.22;40.3;2.75;2.37;0.22;0.87;96.1;98.48;46.64;0.269285685817401
411520005300012;3.2;0;40.89;1.25;6.88;0;56.16;1.56;6.16;0;0;89.49;100;40.94;0.33602662114372
411520005300013;3.37;0.33;37.13;1.33;2.33;0;45.85;0;3.65;0.67;0.67;15;99;29.33;0.254284874409437
411520005300014;3.01;0;35.5;0.99;1.69;0;39.83;0;1.69;0;1.69;11.86;99.15;40.68;0.224128098914605
411520005300015;2.92;0;31;0.83;4.46;0.37;50.56;0;4.46;0.37;0.37;98.51;99.63;35.32;0.3060576320906
411520005310001;3.14;5.81;39.72;1.39;30.52;0.29;48.55;0;6.69;0;0.29;98.84;100;32.56;0.375354804938108
411520005310002;3.21;0.95;41.81;1.33;8.1;0;60.95;1.85;7.14;0;0.48;91.43;100;42.86;0.32328196774038
411520005310003;2.97;0.34;39.49;1.37;3.39;0;54.92;1.72;4.07;0;0;95.92;100;44.22;0.310378452584352
411520005310004;3.23;2.07;37.93;1.15;12.13;0;45.56;2.56;2.37;0;0.3;99.11;100;47.04;0.282631312727655
411520005310005;3.08;0.62;36.83;1.06;3.42;0.62;46.89;1.33;4.04;0.31;0;97.52;100;42.86;0.267116629433903
411520005310006;3.14;2.05;34.41;1.12;9.06;0;41.23;1.41;3.51;0;0.29;96.47;100;41.76;0.255672463146901
411520005310007;3.39;9.42;38.84;1.85;26.18;0;57.07;0;3.66;0;0;89.01;100;24.08;0.240996250474947
411520005310008;3.28;0;32.66;1.52;0.83;0;43.33;0;3.33;0;0.83;89.17;95.83;10.83;0.303714313193646
411520005310009;3.2;0.88;34.07;1.34;7.92;0;54.55;1.22;7.33;0;0;97.31;100;35.03;0.292612560406213
411520005310010;3.12;0;37.36;2.04;2.54;0.76;36.29;0;2.28;0.25;0.76;81.98;100;25.63;0.206996988442103
411520005310011;3.25;1.2;36.84;1.2;6.91;0.6;41.14;1.09;1.8;0;1.21;96.07;100;41.09;0.270231097738702
411520005310012;3.24;0.38;37.6;1.63;3.76;0.75;36.47;0;3.01;0.38;1.89;98.11;100;48.68;0.281310138605178
411520005350001;2.76;0.31;32.18;0.8;3.45;0;34.8;0;2.51;0;0.94;71.47;55.49;36.68;0.255295908374361
411520005360001;3.26;3.06;35.52;1.49;10.56;0;63.06;3;8.61;0;0.83;0;100;32.78;0.256424545610864
411520005360002;3.35;0.68;36.25;1.14;9.83;0;68.31;0.58;5.08;0;0;1.53;100;22.71;0.25595876713347
411520005360003;3.53;0.55;41.68;1.72;4.04;0;65.14;2.13;8.44;0.18;0;0.37;99.45;18.17;0.346236782070117
411520005360004;3.53;13.58;36.54;1.31;17.22;0.33;65.56;0;5.3;0;0.33;7.95;100;24.83;0.330953083152102
411520005360005;3.05;0;36.32;0.76;2.63;0.33;40.13;0;1.32;0;0;82.89;100;36.51;0.251870028455468
411520005360006;3.22;0;32.86;1.08;2.48;0.5;39.11;0;0.99;0;0.5;1.98;100;26.24;0.325362544178963
411520005360007;3.17;0;25.54;1.15;4.55;0.91;30;0;2.73;0;0;0;100;29.09;0.415401318101656
411520005360008;3.27;0.92;34.43;1.37;12.92;0;51.69;0;4.62;0;0.31;0;100;28.31;0.338867841909329
411520005360009;3.27;0;35.02;0.94;6.67;0;25;3.23;1.67;0;1.67;98.61;100;36.67;0.205005916582449
411520005360010;3.12;1.06;35.6;1.06;16.18;1.06;38.2;0;1.06;0;5.31;52.25;100;45.62;0.223057670176296
411520005360011;3.29;0.25;40.6;1.47;2.49;0.5;27.61;0.99;1.49;0;4.23;46.27;100;46.02;0.212660502044941
411520005360012;3.19;6.79;33.91;1.07;20.38;0;40.38;2.13;0.75;0;4.92;81.06;100;46.21;0.261450816411525
411520005360013;3.05;1.69;39.5;1.04;4.22;0;49.79;0;2.11;0;1.27;4.64;100;22.78;0.321658539683072
411520005360014;2.93;1.11;40.18;0.88;4.44;0;42.22;2.27;3.7;0.74;0;97.04;100;43.7;0.250199416390172
411520005360015;2.88;0.75;38.72;0.78;14.5;0.25;50.25;0;5.25;0;1.25;94.5;100;51.75;0.220404712043025
411520005360016;3.16;0.39;33.83;0.98;9.3;0.39;31.78;0;3.49;0;4.65;96.9;100;34.11;0.219760683742729
411520005360017;3.46;0.56;36.18;1.77;6.48;0;69.44;1.65;9.44;0;0;20.22;100;33.02;0.25650354222705
411520005360018;3.62;0.53;36.36;1.65;27.06;0;64.72;1.15;9.02;0.27;0.27;94.16;100;34.48;0.266972060320345
411520005360019;3.31;0;30.86;1.45;6.96;0;63.04;2.13;6.09;0.88;0;3.08;100;37.89;0.218171884360713
411520005360020;3.7;0;35.45;1.7;6.52;0;69.13;0;13.04;0;0;0;100;25.65;0.303003991480734
411520005360021;3.58;0.87;35.5;1.46;9.33;0;69.97;1.08;7;0;0;6.12;100;19.53;0.32397556378909
411520005360023;3.18;0;38.18;1.08;0.9;0;48.06;2.7;2.99;0;4.48;93.43;100;36.72;0.340408881665558
411520005360024;3.27;7.25;45.06;1.11;17.1;0;49.22;0;4.66;0;1.04;5.7;98.96;29.02;0.317794438006368
411520005360026;3.24;1.47;40.72;1.34;13.11;0;58.03;1.56;3.39;0;0.15;3.98;99.85;35.64;0.307060577725578
411520005370001;3.38;0.4;45.88;1.06;9.16;0;60.16;0;3.98;0;0.8;2.79;100;30.28;0.372822401716429
411520005370002;3.31;0.57;35.76;1.34;4.01;0;65.62;0;5.73;0;0;2.29;100;33.24;0.292318442496806
411520005370003;3.35;0;39.42;1.04;7.49;0.53;62.57;0;3.21;0.53;0.53;3.74;100;35.83;0.343301737231427
411520005370004;3.07;0.77;32.78;0.62;2.3;0.38;54.79;0;4.98;0;0.38;0.77;100;32.57;0.284192427722872
411520005370005;3.36;0.36;40.18;1.52;9.12;0;63.87;1.52;10.58;0;0;89.42;100;38.69;0.384042238714683
411520005370006;3.11;0.32;41.04;1.23;3.82;0;64.97;3.41;4.14;0.32;0.32;97.12;100;46.96;0.304762673022142
411520005370007;3.21;0;39.15;1.32;3.81;0;53.81;1.52;5.08;0.42;0.85;94.07;100;36.86;0.292325039031142
411520005370008;3.1;0.37;35.54;0.95;2.95;0;63.1;0;6.64;0;0.37;95.57;100;34.32;0.329262111769166
411520005370009;3.25;3.16;33.61;1.11;27.09;0;43.12;1.15;4.06;0;0.68;97.52;100;38.6;0.259248726611788
411520005370010;3.15;0.84;38.44;1.12;10.11;0;63.76;0;8.15;0;0;94.94;100;42.13;0.301800625353325
411520005370011;3;0.96;38.19;0.64;6.22;0;57.42;2.5;3.83;0;0.48;96.17;100;32.06;0.299278337628611
411520005370012;3.06;1.67;35.8;1.55;12.78;0;60.56;2.44;5.56;0;0.56;98.33;100;35.56;0.322019828613414
411520005370013;3.17;0;37.14;0.65;2.48;0;50.41;0;1.65;0;0.83;100;100;30.58;0.257122883642161
411520005370014;3.32;0.68;41.09;1.22;2.7;0;56.08;0;2.03;0;0;100;100;35.81;0.301984147975842
411520005370015;3.33;0;39.34;1.54;3.31;0.33;32.12;0;0.66;0;3.31;95.36;99.01;32.45;0.250106569123632
411520005370016;3.31;0;39.42;0.96;12.7;0;39.68;0;2.65;0.53;2.12;95.77;99.47;32.8;0.208993142061844
411520005370017;3.44;0.73;39.38;1.22;2.55;0;22.18;0;0.73;0;1.45;98.55;100;31.64;0.185137111848037
411520005370018;3.21;0;37.66;1.49;3.06;0;29.59;0;1.7;0;5.12;97.61;100;37.54;0.17289945535136
411520005370019;3.23;1.29;34.81;1.6;3.22;0.96;32.15;0;1.93;0.32;0.32;95.82;99.68;34.73;0.199299961451318
411520005370020;3.09;1.14;39.79;1.39;7.43;0;46.86;1.96;6.86;0;1.15;69.54;100;32.18;0.242322747252489
411520005370021;3.2;0;34.89;0.63;7.07;0;36.36;0;0;0;2.02;45.45;100;30.3;0.274834560660215
411520005370022;2.69;0.74;34.5;1.44;3.69;0.37;28.41;0;1.11;0;0.74;98.89;100;36.9;0.30344201501678
411520005370023;3.35;1.02;34.98;1.98;14.29;0;52.04;4.55;6.12;0;0;91.84;100;30.61;0.420906214797792
411520005370024;2.99;4.39;40.33;1.17;16.67;0;54.39;10.53;5.26;0;2.63;96.49;100;41.23;0.346935198262886
411520005370025;2.86;1.37;31.17;1.52;14.16;0;36.99;0;0.91;0;0.91;95.43;100;37.9;0.272177002096877
411520005370026;3.32;1.03;37.66;0.85;6.67;0.51;46.15;0;3.08;0;1.03;73.33;100;37.44;0.321651828049878
411520005370027;3.2;0.57;40.76;1.35;3.45;1.15;27.59;0;1.15;0;2.3;95.98;100;40.23;0.278999884317561
411520005370028;2.92;0;38.08;1.8;0;0;37.59;3.45;6.77;0;0.75;98.5;100;35.34;0.308505237578078
411520005370029;3.22;0;40.53;1.23;6.07;0;42.06;0;2.34;0;0.47;99.07;100;32.24;0.271770283764551
411520005370030;3.3;0.63;33.25;1.25;11.39;0;44.94;0;5.7;0;0.63;100;99.37;36.71;0.297742758763999
411520005370031;2.99;0.84;40.43;1.26;2.52;0;71.01;1.96;7.14;0;0.42;97.06;100;31.93;0.35023975836626
411520005370032;3.18;1.61;38.7;1.01;4.02;0;63.05;0;5.22;0;0.4;97.59;100;35.34;0.333944421293389
411520005370033;3.35;0;38.64;1.49;3.94;0;60.61;0.93;3.64;0;0.91;17.88;100;23.64;0.340630798509693
411520005370034;3.25;1.28;36.67;1.37;5.96;0;55.74;0;2.13;0;0;28.09;100;19.15;0.376214538861153
411520005370035;3.22;0;32.52;1.62;0;0;41.79;0;2.99;0;0;97.01;100;2.99;0.356405643105586
411520005370036;3.18;1.65;35.92;1.23;4.53;0;53.09;0;3.7;0;0;6.58;100;27.98;0.29040435758176
411520005370037;3.28;1.13;36.15;0.6;10.73;0;56.5;0;4.52;0;0;3.39;100;27.68;0.246664278119443
411520005370038;3.4;0;42;1.11;16.44;0;58.9;0;3.42;0;0.68;0;100;29.45;0.312450413476853
411520005370039;3.37;0;38.6;2.17;3.66;0;54.27;0;2.44;0;0.61;40.24;100;29.88;0.225799973460899
411520005370040;3.11;1.1;31.32;1.5;3.85;0.55;49.45;0;4.4;0;0;9.34;100;31.87;0.2041943391195
411520005370041;2.75;0;41.03;1.82;0;0;45;0;5;0;0;80;90;30;0.273468535939852
411520005370042;3.14;0;39.87;1.66;8.96;0.75;29.1;0;0.75;0;2.99;97.76;99.25;35.07;0.273908532677166
411520005370043;3.25;0;37.31;1.34;1.45;0;48.55;0;3.62;0;4.35;92.03;100;55.07;0.296995048262869
411520005370045;3.03;0;38.43;1.34;3.35;0.96;49.76;0;1.44;0;0.96;75.6;100;52.63;0.32793314406862
411520005370046;3.13;0.33;36.29;1.31;3.95;0;53.29;1.49;8.88;0;1.65;77.23;99.01;57.1;0.376475384910637
411520005370048;3.33;0.34;40.23;1.91;13.06;0.69;29.21;1.09;2.41;0;2.06;96.91;100;22.34;0.327415632840135
411520005370049;3.15;0;43.31;1.5;9.09;0.73;41.45;0;3.64;0;0.36;60.73;100;26.18;0.274075224352154
411520005380001;3.27;0.26;37.87;1.61;2.36;0;50.13;0;2.36;0;0.79;1.31;99.74;32.28;0.287701304410876
411520005380002;3.19;0;35.17;1.02;9.13;0;55.22;0;10.87;0;0.43;3.91;100;26.09;0.352141496305372
411520005380003;3.2;2.99;36.62;1.63;11.94;0.75;48.51;0;0.75;0;0;4.48;100;26.12;0.379572675210758
411520005380004;3.27;1.44;43.35;1.88;5.76;0;58.99;2.27;7.19;0;0.72;0.72;100;39.86;0.334882616913051
411520005380005;3.32;0.6;35.52;1.35;5.95;0;59.52;0;5.95;0;0.6;1.79;99.4;16.67;0.322010196745396
411520005380006;3.28;3.27;42.97;1.78;12.62;0.47;56.54;1.69;2.8;0;0.47;2.8;100;32.71;0.374116310154333
411520005380007;3.59;1.16;53.73;3.24;5.81;0;68.6;0;4.65;0;1.16;3.49;100;24.42;0.437992710297365
411520005380008;3.01;0.31;47.61;0.76;2.17;8.05;27.24;1.11;1.86;0.31;25.39;79.88;87;43.96;0.357916053558233
411520005380009;3.34;0.55;36.02;1.48;7.69;0;60.99;0;4.95;0;0.55;5.49;100;30.77;0.392054707912178
411520005390001;3.12;0.22;36.12;1.22;5;0.22;49.78;2;8.48;0.22;0.44;10.46;100;42.7;0.282020082179093
411520005390002;3.27;0.85;38.53;1.66;7.41;0;66.1;1.19;15.67;0;0.28;66.67;100;37.89;0.331489533385254
411520005390003;3.11;1.82;30.04;0.8;4.55;0;40;1.92;9.09;0;0.91;0.45;100;25.45;0.301490616674225
411520005390004;3.16;1.08;32.47;1.45;4.05;0;48.65;1.25;5.14;0;1.08;30.27;99.46;20.27;0.287697724745435
411520005390005;3.24;1.59;37.22;1.31;2.12;0.53;58.2;1.85;8.47;0;0;10.05;100;30.69;0.29172344105218
411520005390006;3.33;0.83;47.06;1.25;15;0;61.67;2.27;3.33;0;0.83;49.17;100;30.83;0.269269340272461
411520005390007;2.92;1.08;34.41;1.38;3.23;0;59.68;0;5.38;0;1.08;59.14;100;36.02;0.305019783431833
411520005390008;2.3;0;82.86;0;16.67;0;66.67;0;0;0;4.17;12.5;41.67;83.33;0.460069622391852
411520005390009;3.33;0.55;41.45;1.53;4.55;0;55.17;2.11;4.97;0.14;0.55;2.76;99.86;20.99;0.275832042087726
411520005390010;3.26;1.47;40.63;0.9;8.09;0;60.29;2.63;10.29;0;0.74;13.97;100;38.24;0.375626417918233
411520005390011;2.52;0.61;26.97;1.88;5.31;0.2;41.63;0;0;0;0.2;96.73;82;14.72;0.30720229437443
411520005400001;3.09;0.45;41.53;0.69;6.56;9.73;17.42;0;2.04;0;28.57;42.63;90.48;29.02;0.442371772467173
411520005400002;3.27;2.67;49.39;1.02;9.33;9.33;26.67;0;2.67;0;20;12;10.67;57.33;0.553728695191881
411520005410001;3.42;6.52;42.73;1.61;26.09;0;50;0;6.52;15.56;2.22;4.44;46.67;75.56;0.320209181320999
411520005420001;1.46;0.91;9.48;0.92;13.64;0;59.09;0;9.09;0;6.32;10.53;37.89;44.21;0.4163651444519
411520005430001;3.07;0.51;31.14;1.34;10.26;0;66.67;0;3.59;0.51;0;99.49;100;19.49;0.284456699709349
411520005430002;3.12;0;36.59;1.51;4.88;0;62.72;4.55;12.89;0;1.05;87.46;100;34.15;0.326858742109367
411520005430003;3.13;1.77;35.86;1.21;12.12;0.51;56.06;0;5.3;0;0.25;87.63;100;33.84;0.299954900108043
411520005430004;3.05;7.63;42.68;1.19;25.57;0.38;58.78;5.36;3.82;0;0.76;91.98;100;33.59;0.333624343394388
411520005430005;3.28;0.38;31.33;0.97;3.01;0.38;60.15;0;5.64;0;0.38;98.5;100;19.92;0.280096079913839
411520005430006;3.22;0.59;35.41;1.35;6.72;0.2;53.75;0;4.55;0;0.2;99.01;99.41;39.92;0.324921798110008
411520005430007;3.36;0;32.14;0.9;0;0;24.24;0;3.03;0;3.03;100;100;39.39;0.388550301039885
411520005430008;3.12;0.85;39.01;1.67;7.78;0.28;60.25;0.52;4.53;0;0.99;27.58;97.74;28.57;0.369638808989632
411520005430009;2.85;0;32.76;1.95;0;0;62.96;0;0;0;0;3.7;96.3;40.74;0.44820054400863
411520005430010;3.31;0;38.56;1.57;2.64;0;43.61;2.29;4.41;0;0.44;77.43;99.56;22.35;0.273899027081423
411520005440001;3.1;1.09;40.62;0.92;10.33;0;48.37;0;2.72;0.27;0.54;95.38;100;33.42;0.346630172100332
411520005440002;3.12;0.65;36.01;0.88;4.52;0.32;47.74;0;1.61;0;0.65;94.17;100;37.86;0.295916589399179
411520005440003;3.03;0.22;34.33;0.86;2.39;0;48.26;1.32;3.7;0;0.22;39.78;100;37.83;0.242686175347603
411520005440004;3.44;1.54;39.38;1.17;3.09;1.85;29.63;0;1.23;0;5.86;80.86;100;31.79;0.382388295358212
411520005440005;3.33;0;33.9;1.09;1.28;5.96;17.87;1.59;0.43;0;18.72;88.51;100;24.68;0.232318903477146
411520005440006;3.31;0;45.99;1.76;2.71;0.54;27.37;0.95;1.63;0.27;1.9;6.79;99.73;40.76;0.28531404469138
411520005440007;3.31;1.55;40.79;1.71;4.12;0;41.75;0;3.09;0;1.03;3.09;100;30.41;0.424601994746089
411520005450001;3.44;4.23;39.73;0.76;17.37;0;55.87;1.67;2.35;0.48;0.48;45.89;67.15;52.17;0.352737126294406
411520005460001;3.23;0.67;36.23;1.21;5.82;0;62.64;1.05;10.96;0.45;0.45;95.96;100;35.51;0.347422661991524
411520005460002;3.23;1.34;35.63;0.96;8.58;0;58.18;0;7.77;0;0;97.05;100;27.35;0.305597812100186
411520005460003;2.85;0.75;42.35;0.92;8.96;0;70.15;0;4.1;0;1.12;12.69;100;40.3;0.438417677815992
411520005460004;3.04;0.62;41.67;1.37;13.58;0;56.17;1.41;6.79;2.47;2.47;5.56;99.69;52.16;0.336329190053134
411520005460005;3.32;0.36;39.31;1.59;5.39;0;56.55;0;3.59;0;0.9;50.09;99.64;31.24;0.263205484169225
411520005460006;3.37;1.6;42.28;1.22;5.95;0.23;57.21;0;6.64;0;0.46;54.92;99.77;22.43;0.232367202649621
411520005470001;3.17;0.91;34.7;1.19;3.32;0;48.34;0;3.93;0;0.6;95.77;100;42.3;0.33015620015203
411520005470002;3.21;9.35;41.13;0.8;31.29;0;44.52;2.7;3.87;0;0.97;99.35;100;36.13;0.237923762512456
411520005470003;3.2;0.63;36.67;1.58;5.38;0;55.06;0;4.43;0;0.32;99.37;100;39.24;0.272894575594262
411520005470004;3.11;0.62;39.06;1.68;9.23;0;66.77;0;7.38;0;0.31;85.19;100;42.9;0.379323242439164
411520005470005;3.19;0.47;39.28;1.14;1.17;0;51.88;0;5.87;0.24;0;97.41;99.76;49.18;0.287232285600249
411520005470006;3.21;0;33.79;2.08;6.56;0;59.02;0;4.92;0;1.69;30.51;32.2;49.15;0.369338950056103
411520005470007;3.14;0.94;38.75;1.95;1.89;0;49.06;0;3.77;0;1.89;92.45;100;42.45;0.434048212206341
411520005470008;3.11;0;47.37;0;44.44;0;44.44;0;22.22;0;11.11;11.11;77.78;44.44;0.409732762695313
411520005480001;3.21;1.09;36.71;1.43;6.11;0;60.92;0.83;5.9;0;0.44;96.29;99.78;40.39;0.340650943691953
411520005480002;3.08;0.47;40.36;1.17;3.02;0.23;44.65;0;2.33;0;0.47;97.44;100;40.23;0.24069324498506
411520005480003;3.14;0.54;35.16;0.95;5.15;0;52.03;0;4.07;0;0.54;99.73;100;42.51;0.255723310204653
411520005480004;3.2;0;36.3;0.97;2.33;0;36.43;3.03;3.88;0;1.55;98.45;100;27.91;0.326382888779964
411520005480005;3.16;7.88;40.12;1.25;19.02;0.27;40.76;0;2.17;0.27;3.53;95.65;100;43.75;0.326875266934136
411520005480006;3.33;0;38.73;1.39;3.04;0.25;35.87;0;2.66;0;0.25;73.48;99.87;17.13;0.303408165007121
411520005480007;3.08;0.48;35.71;1.72;7.34;0.63;26.52;0.92;1.11;0;3.34;99.27;99.76;30.56;0.248096947264393
411520005480008;3.24;0.22;39.01;1.36;4.76;0.43;23.81;0;1.08;0;6.74;99.57;99.78;30.22;0.222754915782384
411750305000001;3.06;0.34;42.07;1;6.08;0;68.24;0;10.81;0;0.34;54.58;99.66;37.97;0.330292024688255
411750305000002;3.2;0;42.54;1.4;5.19;0;61.1;1.12;9.51;0;0.58;93.06;100;40.75;0.28240470493685
411750305000003;3.02;0.9;40.7;1.14;9.91;0;51.35;1.2;6.61;0.3;0.3;92.79;100;38.74;0.301554967858353
411750305000004;3.59;0.74;36.26;1.39;3.68;0;51.1;0;5.51;0.74;2.58;95.94;99.63;28.78;0.250511353596663
411750305000005;2.97;0.34;32.42;0.97;1.7;0;48.64;0;4.42;0;0.68;93.2;100;35.71;0.252270453972017
411750305000006;3.14;2.53;36.72;1.25;20.79;0.28;44.94;0;2.25;0;2.53;55.34;100;31.46;0.278493654360357
411750305000007;2.85;3;37.84;1.21;10.3;0.43;58.37;0;8.58;0;0.43;89.27;100;39.91;0.320218773445053
411750305000008;3.23;0.63;40.93;1.3;7.95;0;68.83;4.17;11.09;0;0;90.97;100;36.13;0.282053913714157
411750305000009;3.32;1;43.46;1.58;4.99;0;72.82;3.2;8.73;0;0.25;88.19;100;34.42;0.272647110372782
411750305000010;3.09;0.26;37.41;1.4;8.16;0;69.64;0.96;12.24;0;0.26;94.37;100;34.53;0.215900417974966
411750305000011;3.22;0.82;37.21;1.74;12.26;0;64.85;3.57;7.9;0;0.27;97.54;100;32.51;0.213986175837087
411750305000012;3.18;0.92;37.56;1.84;5.5;0;62.84;0.93;7.34;0;0;96.56;100;30.96;0.241131759930456
411750305000013;3.12;0.88;36.43;1.17;3.31;0;63.58;0;5.96;0;0.22;91.81;100;37.39;0.250383132558451
411750305000014;3.12;0;35.69;1.15;10.91;0.21;55.76;0;4.12;0;0.62;93.62;100;36.63;0.257679454807267
411750305000015;3.1;2.3;38.68;1.93;8.29;0;75.12;0;20.74;0.46;0.46;0.93;97.69;26.85;0.389595940792254
411750305000016;3.18;1.1;38.44;1.56;8.06;0;71.79;1.22;9.52;0;0.37;4.4;98.9;26.01;0.344818440617108
411750305000017;3.34;3.11;48.77;1.3;12.8;0;77.51;0;10.03;0;0;0.69;98.62;32.87;0.335290606448547
411750305000018;3.49;3.38;48.84;1.07;32.43;0;62.84;1.96;15.54;0;0;0;96.6;24.49;0.370736069574815
411750305000019;3.26;0.89;49.64;1.19;3.78;0;82.89;1.32;6.44;0.22;0;2;99.33;31.56;0.348518133316441
411750305000020;3.26;0.82;46.39;1.71;9.69;0;72.78;1.27;12.16;0.21;0;2.48;96.07;33.88;0.369444393470862
411750305000021;3.31;2.8;48.12;1.88;12.73;0;75.78;2.86;12.73;0.62;0;3.73;98.45;28.26;0.367511510344217
411750305000022;3.18;0.84;43.22;1.1;3.63;0;75.42;2.8;11.73;0;0.28;51.4;99.44;30.45;0.357477922120999
411750305000023;3.26;2.4;48.75;2.26;17.47;0;70.21;3.41;11.64;0;0;87.63;99.31;21.31;0.319310661700132
411750305000024;3.28;1.74;40.18;1.75;6.62;0;74.22;3.45;7.32;0;0;99.65;100;29.27;0.259764577585755
411750305000025;3.16;0.32;41.8;1.33;3.56;0;62.14;0;5.83;0.32;0.32;94.82;100;31.72;0.254266321167425
411750305000026;3.41;1.27;44.93;2.05;6.05;0.32;59.55;0;4.78;0;0;95.22;100;43.31;0.206856951751608
411750305000027;3.16;0.85;41.63;2.01;4.66;0;66.1;0;5.08;0.42;0;95.34;100;51.27;0.310295680595948
411750305000028;3.25;0.85;37.66;1.45;2.13;0.43;57.87;1.69;6.38;0;0.43;92.31;100;38.89;0.204498445391998
411750305000029;3.35;1.13;44.35;1.7;8.41;0;74.15;0.77;7.53;0.38;0;2.13;99;29.61;0.365055835011518
411750305000030;3.16;1.22;41.61;1.25;2.44;0.3;75;0;5.49;0.61;0;3.67;99.39;33.03;0.343698958293744
412625605000001;2.76;0.91;34.82;0.75;0.91;1.83;45.66;0;1.83;0;1.37;26.48;100;55.71;0.256976756784651
412625605000002;3.14;0.49;47.45;1.73;2.46;0;63.05;3.77;9.85;0;0.49;2.46;100;44.83;0.284539635441884
412625605000003;2.97;0.77;38.85;2.01;9.23;0;58.46;4.55;6.54;0;0.39;15.44;100;44.02;0.302152845444101
412625605000004;2.95;0;34.79;1.26;5.32;0;62.23;0;6.91;0;0;4.26;100;44.15;0.284368216217338
412625605000005;2.93;10.38;32.67;0.75;33.33;0;49.73;2.38;1.64;0;0;65.38;100;45.05;0.27275283061541
412625605000006;3.22;0.27;43.37;1.08;9.12;0;59.79;0;7.51;0;1.08;89.25;100;44.09;0.281440540247185
412625605000007;3.26;1.23;42.11;1.27;11.04;0.31;38.65;0;5.83;0.31;0.92;50.92;100;46.93;0.264462590578588
412625605000008;3;0;33.88;0.84;4.57;0.46;62.1;0;2.28;0;0.91;4.57;99.09;41.55;0.23565147587553
412625605000009;3.22;1.2;38.17;1.26;4.19;0;52.69;0;4.49;0;0.6;1.5;100;40.42;0.262208850392037
412625605000010;3.04;1.15;38.88;2.02;28.35;0;39.08;1.79;4.98;0.77;1.15;4.98;100;47.13;0.273357000783538
412625605000011;3.12;4.88;39.98;1.39;18.63;0.36;54.43;0;10.13;0;0.72;1.09;100;40.94;0.251531464107815
412625605000012;3.05;1.12;44.54;1.46;2.6;0;71.38;2.82;13.75;0;0;1.86;100;32.34;0.314569103121758
412625605000013;3.28;4.57;41.55;1.46;22.36;0.24;59.62;1.54;7.21;0;0;1.92;100;34.38;0.34241456019603
412625605000014;3.16;4.91;41.6;1.34;20.98;0;62.95;0;6.25;0.45;0;2.23;100;40.18;0.303271947900454
412625605000015;3.11;4.18;41.75;1.16;27.58;0;53.48;0.96;9.75;0;0;4.18;99.72;39.83;0.278007063996139
412625605000016;3.03;1.95;40.45;1.55;6.82;0;73.05;2.25;12.34;0;0;2.27;100;35.06;0.425750437986604
412625605000017;3.06;4.61;42.27;1.24;19.08;0.33;50.66;0;9.54;0;1.32;8.88;100;44.74;0.212429506525321
412625605000018;2.99;1.24;38.35;1.24;7.94;0.25;52.61;0;3.23;0.25;0.99;5.71;100;39.95;0.288704088946082
412625605000019;3.04;0.39;47.7;1.3;7.87;0.39;57.48;0;4.72;0;0;4.33;100;38.98;0.298678068315675
412625605000020;3.2;0.21;41.15;1.36;11.23;0.42;59.67;0.71;6.44;0;0.21;1.88;100;34.38;0.26101873326319
412625605000021;3.06;0.45;37.57;1.4;3.71;0.15;63.65;1.16;7.42;0.15;0;1.63;100;33.68;0.266238848842708
412625605000022;3.18;1.9;44.73;1.5;11.43;0;66.03;2.33;10.79;0;0.63;1.59;100;39.68;0.287543679247884
412625605000023;3.24;1.47;39.92;1.37;13.02;0;69.78;0;6.39;0.25;0;1.72;99.75;23.83;0.298359096143395
412625605000024;3.37;1.45;46.94;1.72;5.33;0;72.54;2.87;9.69;0;0.48;2.42;100;34.25;0.263035991868843
412625605000025;3.49;1.28;53.96;1.53;5.13;0;70.51;3.77;5.56;0.43;0.43;3.42;97.44;20.94;0.401300253264741
412625605000026;3.24;4.57;45.81;1.47;17.4;0;71;0;8.61;0;0.35;4.39;98.95;27.94;0.391405579710273
412625605000027;3.09;1.31;41.86;1.53;24.41;0.26;44.88;1.12;2.62;0;0.79;2.37;100;40.53;0.258715353310108
412625605000028;2.99;0.85;33.27;0.82;6.84;0;55.34;1.92;4.7;0;0.21;2.36;93.79;46.25;0.293771826870301
412625605000029;2.9;0.95;40.55;0.95;17.1;0;49.64;0.89;6.41;0;0.72;1.92;100;48.56;0.309662312729123
412625605000030;3.06;0.95;38.39;1.4;9.26;0;46.08;0;4.28;0;0.48;3.33;99.76;29.29;0.288476166553482
412625605000031;3.21;0.83;42.91;1.69;5.82;0;71.75;1.74;7.48;0;0;1.67;100;33.33;0.301624819241612
412625605000032;3.22;0.9;44.15;1.35;19.22;0;58.56;0.88;8.11;0.3;0;3.9;99.7;33.33;0.465905260944844
412625605000033;3.3;3.05;47.22;2.06;14.54;0;68.7;4.62;11.77;0.14;0.28;2.36;98.75;31.71;0.333169551372301
412625605000034;3.29;0.38;47.84;1.81;8.08;0;73.08;0;15.38;0;0;2.69;100;35.38;0.291061314849221
412625605000035;3.23;2.2;41.6;1.48;7.32;0;66.83;1.57;8.78;0;0;0.98;99.51;32.03;0.282082356853423
412625605000036;3.23;0.88;46.1;1.42;6.85;0;76.63;1.13;11.78;0;0.35;1.41;100;37.68;0.301753157049629
412625605000037;3.26;1.66;44.98;2.13;8.32;0;73.38;0.63;10.17;0;0;0.37;99.81;29;0.248937324825051
412625605000038;3.41;1.46;47.07;1.76;9.79;0;72.49;1.46;9.52;0.13;0;0.53;90.32;22.41;0.309761802327854
412625605000040;2.94;1.15;40.38;1.08;10.34;0;54.02;0;6.9;0;0.58;0;7.51;42.2;0.319684213700415
412625605000041;3.04;10.14;41.9;1.68;33.64;0;53.46;0;9.22;0.47;0;0.93;96.28;40.93;0.257383014358904
412625605000042;2.99;1.73;41.68;1.59;5.19;0;59.74;0;11.26;0.43;0;0;22.08;40.26;0.263089527740427
412625605000043;3.16;0.38;40.78;1.15;6.9;0.38;55.17;0;7.66;0;0;0.77;61.54;42.31;0.308010524171486
412625605000044;3.19;1.71;36.67;1.07;11.43;0;62.29;0;6.86;0;0.57;8;100;36.57;0.29104870378253
412625605000045;3.01;0.35;36.12;1.04;4.88;0;69.69;0;6.62;1.39;0;0.7;100;36.93;0.283351565400759
412625605000046;3.18;0.79;40.02;0.86;12.83;0;58.38;0;7.07;0;0.52;3.4;100;38.48;0.282063480205597
412625605000047;3.31;0.8;50.73;1.45;35.2;0;56.8;1.67;8.8;0;0;2.42;99.19;28.23;0.412716401055687
412625605000048;3.35;1.53;45.78;1.75;9.18;0;70.66;0;11.22;0.26;0;2.3;98.98;27.81;0.365212844114083
412625605000049;3.36;3.07;44.31;1.8;14.89;0;70.45;2.99;9.22;0;0.47;4.02;99.29;33.1;0.347778290855569
412625605000050;3.22;1.5;40.42;1.58;16.77;0;68.86;1.98;5.39;0;0;1.8;100;31.74;0.340079023856525
412625605000052;2.97;0.63;40.24;0.63;1.25;0;73.75;0;13.75;0;1.27;3.8;100;32.91;0.299925017644439
412625605000053;3.1;0;38.35;1.14;5.88;0;59.22;1.75;5.88;0;0;3.14;100;36.08;0.252614539961532
412625605000054;3.03;1.3;38.04;0.75;2.93;0.33;62.87;0;4.89;0;0.33;5.56;100;38.24;0.293976961190884
412625605000055;3.11;1.32;41.45;1.35;33.04;0;52.42;1.39;7.93;0.44;0;3.56;100;37.78;0.290525394754532
412625605000056;3.2;1.85;51.31;1.73;15.12;0;76.54;2.13;12.04;0.62;0;2.16;99.69;24.69;0.331867711246014
412625605000057;3.53;2.27;54.69;2.17;8.09;0.32;79.94;2.4;15.21;0.66;0;1.97;98.69;22.62;0.410072076143829
412625605000058;3.11;0.41;38.17;0.93;4.55;0;65.7;1.85;6.61;0;0;1.24;100;42.15;0.294588227051398
412625605000059;3.1;1.65;40.63;1.71;9.57;0.66;59.41;0;6.6;0;0;3.3;100;37.62;0.259238763666544
412625605000060;3.29;2.92;49.65;1.85;19.04;0;65.69;0.51;11.66;0;0;1.89;99.83;27.79;0.344823674784614
412625605000061;3.26;0.71;38.13;1.24;12.8;0;67.06;1.65;12.56;0;0;2.85;100;30.4;0.349178988933563
412625605000062;2.99;1.25;42.69;1.21;3.74;0;76.06;0;7.23;0;0;3.76;100;37.84;0.331054972908036
412625605000063;3.27;0.55;50.06;1.92;4.1;0;72.68;0;9.56;0;0;0.82;100;25.41;0.323189885488578
412625605000064;3.42;2.56;53.78;1.88;9.4;0;81.77;3.25;9.4;0;0;1.43;99.71;28.86;0.427181913646099
412625605000065;3.35;1.78;48.57;1.81;6.31;0;65.7;3.83;7.12;0;0.16;2.6;100;21.1;0.349617005108469
412625605000066;3.24;0.48;35.83;1.27;6.52;0.24;68.12;0.94;5.07;0;0.24;3.38;100;31.4;0.326977043913387
412625605000067;3.2;0.9;39.22;1.31;5.67;0;69.25;3.19;7.16;0;0;6.57;99.1;26.57;0.423742697691638
412625605000068;3.22;1.01;44.07;1.38;15.98;0.1;62.89;1.48;8.9;0.1;0.1;3.14;98.18;26.72;0.33336511259443
412625605000069;3.33;7.18;50.91;2.29;29.6;0;57.47;1.57;8.91;0.29;0;1.44;100;28.16;0.330927000221397
412625605000070;3.24;1.16;56.58;2.23;6.28;0.23;81.63;2.38;14.65;0;0.23;4.42;100;29.53;0.431454905516961
